Case,Cruelty,Violence,Forcible Conversion,Bigamy,Mutual consent,Impotent,Sexual Disease,Assault,Misbehaviour,Dowry,Unsound mind,Adultery,Desertion,Leave parents,Sexual unsatisfaction,Win/Lose,
Sush,0,0,1,1,0,0,0,0,0,0,0,0,0,0,0,1,
Balveer,1,0,0,1,0,0,0,1,1,0,0,0,0,0,0,1,
Krishna,1,1,0,0,0,0,0,1,1,0,0,0,0,0,0,1,
 Raj  L,1,0,0,0,0,0,0,0,0,0,0,0,0,0,0,0,Definition of cruelty not applicable
Nagalin,1,1,0,1,0,0,0,0,1,0,0,0,0,0,0,1,
Suraj,0,0,0,1,0,0,0,0,0,0,0,0,0,0,0,1,
Lacchman,0,0,0,0,0,0,0,0,0,0,0,0,1,0,0,1,
Savtri L,1,0,0,0,0,0,0,0,0,0,0,0,1,0,0,0,insufficient time period for filing petition 
Shekhar L,1,0,0,0,0,0,0,0,0,0,1,0,0,0,0,0,could not prove either
Naveen,1,1,0,0,0,0,0,0,1,0,0,1,0,1,0,1,
Vishwanath,0,0,0,0,0,0,0,0,1,0,0,1,1,1,0,1,
Aneel,1,0,0,0,0,0,0,0,0,0,0,1,1,0,0,1,
Hanumantha,1,0,0,0,0,0,0,0,0,0,0,0,0,0,0,1,
Shlok,0,0,0,0,1,0,0,0,0,0,0,0,1,0,1,1,
Priyanka,0,0,0,0,1,0,0,0,1,0,0,0,1,0,0,1,
parveen,1,0,0,0,0,0,0,0,0,0,0,0,0,0,0,1,
Kameshwara,1,0,0,0,0,0,0,0,1,0,0,0,0,0,0,1,
V Bhagat,1,0,0,0,0,0,0,0,1,0,1,0,0,0,0,1,
Durga,1,0,0,0,0,0,0,0,1,0,0,0,1,1,0,1,
Manisha,1,0,0,0,0,0,0,0,0,0,0,0,1,0,1,1,
Dastane,1,0,0,0,0,0,0,0,0,0,1,0,1,0,0,0,Grounds of cruelty cnt be defined.
Rohtash,1,1,0,0,0,0,0,0,0,1,0,0,1,0,0,1,
Neelam,1,0,0,0,0,0,0,0,1,0,0,0,0,0,0,0,Ground of chgc
Adhyatma,1,0,0,0,0,0,0,1,1,0,0,0,1,1,0,1,
